{"cameraMode":{"drawMode":0,"name":"Shaded","section":"Shading Mode"},"sceneLighting":false,"audioPlay":false,"sceneViewState":{"showFog":false,"showMaterialUpdate":false,"showSkybox":false,"showFlares":false,"showImageEffects":false,"showParticleSystems":true},"in2DMode":false,"pivot":{"x":-0.3115035891532898,"y":0.06756711006164551,"z":-0.14969348907470704},"rotation":{"x":-0.0794505700469017,"y":0.9205363988876343,"z":-0.2730061709880829,"w":-0.2678956687450409},"size":0.7245592474937439,"orthographic":false}