{"cameraMode":{"drawMode":0,"name":"Shaded","section":"Shading Mode"},"sceneLighting":false,"audioPlay":false,"sceneViewState":{"showFog":false,"showMaterialUpdate":false,"showSkybox":false,"showFlares":false,"showImageEffects":false,"showParticleSystems":true},"in2DMode":false,"pivot":{"x":-0.18760430812835694,"y":0.08125350624322891,"z":-0.23902921378612519},"rotation":{"x":-0.0794505700469017,"y":0.9205363988876343,"z":-0.2730061709880829,"w":-0.2678956687450409},"size":1.0245592594146729,"orthographic":false}